TEAM_ID,CONFERENCE_NAME,DIVISION_NAME,LOGO_URL,NAME
21,Western,Central,https://assets.nhle.com/logos/nhl/svg/COL_light.svg,Colorado Avalanche
12,Eastern,Metropolitan,https://assets.nhle.com/logos/nhl/svg/CAR_light.svg,Carolina Hurricanes
25,Western,Central,https://assets.nhle.com/logos/nhl/svg/DAL_light.svg,Dallas Stars
7,Eastern,Atlantic,https://assets.nhle.com/logos/nhl/svg/BUF_light.svg,Buffalo Sabres
14,Eastern,Atlantic,https://assets.nhle.com/logos/nhl/svg/TBL_light.svg,Tampa Bay Lightning
8,Eastern,Atlantic,https://assets.nhle.com/logos/nhl/svg/MTL_light.svg,Montréal Canadiens
30,Western,Central,https://assets.nhle.com/logos/nhl/svg/MIN_light.svg,Minnesota Wild
6,Eastern,Atlantic,https://assets.nhle.com/logos/nhl/svg/BOS_light.svg?season=20252026,Boston Bruins
9,Eastern,Atlantic,https://assets.nhle.com/logos/nhl/svg/OTT_light.svg,Ottawa Senators
5,Eastern,Metropolitan,https://assets.nhle.com/logos/nhl/svg/PIT_light.svg,Pittsburgh Penguins
4,Eastern,Metropolitan,https://assets.nhle.com/logos/nhl/svg/PHI_light.svg,Philadelphia Flyers
15,Eastern,Metropolitan,https://assets.nhle.com/logos/nhl/svg/WSH_secondary_light.svg,Washington Capitals
54,Western,Pacific,https://assets.nhle.com/logos/nhl/svg/VGK_light.svg,Vegas Golden Knights
22,Western,Pacific,https://assets.nhle.com/logos/nhl/svg/EDM_light.svg,Edmonton Oilers
68,Western,Central,https://assets.nhle.com/logos/nhl/svg/UTA_light.svg?season=20252026,Utah Mammoth
17,Eastern,Atlantic,https://assets.nhle.com/logos/nhl/svg/DET_light.svg?season=20252026,Detroit Red Wings
29,Eastern,Metropolitan,https://assets.nhle.com/logos/nhl/svg/CBJ_light.svg,Columbus Blue Jackets
24,Western,Pacific,https://assets.nhle.com/logos/nhl/svg/ANA_light.svg,Anaheim Ducks
2,Eastern,Metropolitan,https://assets.nhle.com/logos/nhl/svg/NYI_light.svg,New York Islanders
26,Western,Pacific,https://assets.nhle.com/logos/nhl/svg/LAK_light.svg,Los Angeles Kings
1,Eastern,Metropolitan,https://assets.nhle.com/logos/nhl/svg/NJD_light.svg,New Jersey Devils
19,Western,Central,https://assets.nhle.com/logos/nhl/svg/STL_light.svg?season=20252026,St. Louis Blues
18,Western,Central,https://assets.nhle.com/logos/nhl/svg/NSH_light.svg,Nashville Predators
28,Western,Pacific,https://assets.nhle.com/logos/nhl/svg/SJS_light.svg,San Jose Sharks
13,Eastern,Atlantic,https://assets.nhle.com/logos/nhl/svg/FLA_light.svg,Florida Panthers
52,Western,Central,https://assets.nhle.com/logos/nhl/svg/WPG_light.svg,Winnipeg Jets
55,Western,Pacific,https://assets.nhle.com/logos/nhl/svg/SEA_light.svg,Seattle Kraken
10,Eastern,Atlantic,https://assets.nhle.com/logos/nhl/svg/TOR_light.svg,Toronto Maple Leafs
20,Western,Pacific,https://assets.nhle.com/logos/nhl/svg/CGY_light.svg,Calgary Flames
3,Eastern,Metropolitan,https://assets.nhle.com/logos/nhl/svg/NYR_light.svg,New York Rangers
16,Western,Central,https://assets.nhle.com/logos/nhl/svg/CHI_light.svg?season=20252026,Chicago Blackhawks
23,Western,Pacific,https://assets.nhle.com/logos/nhl/svg/VAN_light.svg,Vancouver Canucks
